Quaterly Data ,Current Ratio,Long-term Debt / Capital,Debt/Equity Ratio,Gross Margin,Operating Margin,EBIT Margin,EBITDA Margin,Pre-Tax Profit Margin,Net Profit Margin,Asset Turnover,Inventory Turnover Ratio,Receiveable Turnover,Days Sales In Receivables,ROE - Return On Equity,Return On Tangible Equity,ROA - Return On Assets,ROI - Return On Investment,Book Value Per Share,Operating Cash Flow Per Share,Free Cash Flow Per Share
2023-06-30,1.5901,0.0165,0.0449,18.1851,9.6241,9.6241,,11.7824,10.8437,0.2752,1.4206,7.2315,12.4455,5.0372,5.0827,2.8855,4.9539,16.3497,0.8792,0.2886
2023-03-31,1.5672,0.0254,0.0548,19.3365,11.4193,11.4193,,12.0022,10.7934,0.2687,1.3091,7.7945,11.5466,5.1999,5.2427,2.924,5.0679,15.408,0.7246,0.1272
2022-12-31,1.532,0.0339,0.0681,23.7561,16.0416,16.0416,,16.3788,15.2932,0.2953,1.4441,8.2378,10.9252,8.1492,8.2232,4.5022,7.8728,14.3771,0.9366,0.4045
2022-09-30,1.4624,0.049,0.0873,25.0862,17.1903,17.1903,,16.9479,15.3445,0.2883,1.5563,9.7874,9.1955,8.1837,8.2688,4.4756,7.7829,12.8889,1.4685,0.9494
2022-06-30,1.4308,0.0722,0.119,25.003,14.5506,14.5506,,14.6097,13.34,0.2472,1.5664,8.1374,11.06,6.0934,6.1658,3.3118,5.6534,11.9235,0.6814,0.451
2022-03-31,1.354,0.0828,0.1377,29.1107,19.2099,19.2099,,19.3325,17.6637,0.284,1.9871,8.116,11.0893,9.3856,9.5092,4.9668,8.6089,11.2442,1.1506,0.6417
2021-12-31,1.3753,0.1446,0.2203,27.3548,14.7469,14.7469,,14.871,13.1272,0.2852,2.2359,9.2624,9.7167,7.5544,7.6674,3.7711,6.4617,10.0048,1.3439,0.818
2021-09-30,1.3851,0.1875,0.2924,26.6046,14.5671,14.5671,,13.6803,11.7613,0.2379,1.9421,7.0117,12.8357,5.9486,6.0505,2.8686,4.8329,9.2593,0.9301,0.3945
2021-06-30,1.5083,0.2348,0.3666,24.1178,10.9717,10.9717,,10.8129,9.5501,0.2168,1.9172,5.6167,16.0236,4.5935,4.6822,2.1361,3.5147,8.6873,0.6387,0.181
2021-03-31,1.6606,0.275,0.4556,21.3206,5.7176,5.7176,,5.1304,4.216,0.1961,1.9782,5.4968,16.3731,1.9444,1.9864,0.8759,1.4096,8.2603,0.4828,-0.2751
2020-12-31,1.8751,0.294,0.5087,19.2293,5.3518,5.3518,,3.5276,2.513,0.206,2.1161,5.6967,15.7986,1.2828,1.3123,0.5676,0.9057,8.0122,0.9471,0.5806
2020-09-30,1.6346,0.3857,0.813,23.5207,9.2236,9.2236,,6.3277,3.4204,0.192,1.5903,4.992,18.0287,2.1845,2.254,0.8076,1.3419,5.9395,0.7135,0.4304
2020-06-30,1.2499,0.4938,1.3184,20.9907,5.4175,5.4175,,2.4851,1.723,0.1583,1.1869,4.0646,22.1422,1.2029,1.2627,0.3383,0.609,3.8437,0.3162,0.1466
2020-03-31,1.2425,0.5165,1.3887,20.6182,4.7285,4.7285,,1.1696,0.2673,0.1607,1.0572,4.6978,19.1579,0.6773,0.714,0.1826,0.3275,3.618,-0.1476,-0.3001
2019-12-31,1.1346,0.6091,1.7971,18.838,4.8619,4.8619,,2.3564,1.5303,0.2152,1.6872,5.577,16.1376,1.7678,1.9048,0.3847,0.6911,2.7503,0.5495,0.3816
2019-09-30,1.0783,0.6218,1.9388,18.8958,4.1409,4.1409,,2.7923,2.2688,0.1922,1.4275,5.5878,16.1066,2.1796,2.3641,0.4574,0.8244,2.5489,0.2699,0.1388
2019-06-30,1.0619,0.631,1.9825,14.5039,-2.6299,-2.6299,,-5.8268,-6.4252,0.1992,1.6051,5.5357,16.2581,-5.9206,-6.3881,-1.2205,-2.1848,2.4454,0.331,0.2392
2019-03-31,0.8307,0.6416,2.1021,12.4642,-11.4953,-11.4953,,-14.2039,-15.6353,0.1571,1.036,4.3374,20.7499,-12.2174,-13.0475,-2.3104,-4.3787,2.0987,-0.2466,-0.3545
2018-12-31,0.8313,0.6203,2.0796,19.9632,5.7344,5.7344,,3.2109,1.9387,0.243,1.8578,7.6144,11.8198,3.6535,3.89,0.7072,1.3873,2.2185,0.4967,0.3407
2018-09-30,0.8103,0.6459,2.2215,22.3329,6.0961,6.0961,,3.9713,4.5574,0.2332,1.5992,5.9082,15.233,4.7904,5.1359,0.868,1.6962,2.0602,0.5303,0.3615
2018-06-30,0.7329,0.668,2.4572,15.4646,-15.5261,-15.5261,,-18.2148,-17.9285,0.1434,1.0176,7.023,12.815,-15.7101,-17.0233,-2.6611,-5.2153,1.8483,-0.0501,-0.288
2018-03-31,0.738,0.6225,2.0249,13.3928,-17.513,-17.513,,-22.8536,-20.8156,0.125,1.1506,5.2214,17.2369,-14.7637,-15.9904,-2.8771,-5.5733,2.0872,-0.157,-0.4154
2017-12-31,0.8561,0.6428,1.9705,13.3587,-18.1862,-18.1863,,-23.7151,-20.555,0.1148,1.2587,6.3807,14.105,-14.7333,-16.0244,-2.6914,-5.2633,2.0674,0.2029,-0.1213
2017-09-30,1.0927,0.624,1.7332,15.0482,-17.941,-17.941,,-22.4965,-20.7519,0.1062,1.026,4.9112,18.3256,-11.6224,-12.5281,-2.3879,-4.3698,2.2913,-0.1185,-0.5558
2017-06-30,0.9714,0.5342,1.2782,23.8968,-8.6364,-8.6364,,-13.8294,-12.0592,0.1071,0.8707,6.1506,14.6326,-6.4593,-6.933,-1.5414,-3.0088,2.483,-0.0802,-0.463
2017-03-31,1.1253,0.5528,1.4093,24.773,-9.5521,-9.5521,,-13.7932,-12.2494,0.1076,0.9135,6.123,14.6986,-6.8517,-7.4001,-1.5853,-3.064,2.3541,-0.0287,-0.2559
2016-12-31,1.0743,0.5149,1.2693,19.0524,-11.6736,-11.6736,,-9.1218,-5.311,0.1008,0.8945,4.5771,19.663,-3.9629,-4.2517,-0.9684,-1.9223,2.2852,-0.195,-0.4646
2016-09-30,1.267,0.478,1.013,27.703,3.7252,3.7252,,1.3057,0.9519,0.1825,1.0356,7.0311,12.8003,0.8162,0.8162,0.1737,0.426,1.1927,0.1851,0.1062
2016-06-30,1.3816,0.5132,1.303,21.6356,-18.7431,-18.7431,,-22.798,-23.0854,0.107,0.6183,7.1112,12.6561,-11.6331,-11.6331,-2.4702,-5.6628,1.1352,0.0781,-0.0565
2016-03-31,1.0163,0.7225,3.2588,22.0102,-21.6403,-21.6403,,-24.2728,-24.6081,0.1248,0.6871,3.6064,24.9554,-29.0888,-29.0887,-3.0709,-8.071,0.4833,-0.1254,-0.2344
2015-12-31,0.9897,0.6562,2.488,17.998,-21.4376,-21.4376,,-25.9679,-26.3836,0.1505,0.7793,7.1872,12.5223,-29.565,-29.9188,-3.9712,-10.1646,0.5497,-0.0171,-0.2349
2015-09-30,1.1743,0.6067,2.0381,24.7117,-19.6055,-19.6055,,-24.3464,-24.5368,0.1241,0.5452,7.8089,11.5253,-17.4843,-17.4843,-3.0455,-6.8774,0.6695,-0.1023,-0.2973
2015-06-30,1.1024,0.7411,3.7544,22.343,-17.8212,-17.8212,,-18.9596,-19.2913,0.1476,0.6117,6.8878,13.0666,-25.7324,-25.7324,-2.8482,-6.6615,0.3755,-0.0835,-0.2954
2015-03-31,1.3325,0.7029,3.129,27.6709,-10.8999,-10.8999,,-16.0809,-16.4043,0.1536,0.6445,4.6982,19.1564,-18.6661,-18.6661,-2.5193,-5.5457,0.4358,-0.0698,-0.2953
2014-12-31,1.5092,0.6731,2.729,27.3553,-7.823,-7.823,,-10.8622,-11.2508,0.1641,0.7287,4.2217,21.3183,-11.8055,-11.8055,-1.846,-3.8596,0.4836,-0.0462,-0.2445
2014-09-30,1.8279,0.6602,2.5768,29.5668,-4.5937,-4.5937,,-8.333,-8.7706,0.1567,0.7973,5.4293,16.5766,-7.7976,-7.7976,-1.3739,-2.6495,0.5095,-0.0151,-0.1659
2014-06-30,2.184,0.6598,2.5733,27.6851,-3.7373,-3.7373,,-7.8963,-8.0458,0.1522,0.932,7.9637,11.3013,-6.4998,-6.4998,-1.2247,-2.2111,0.5096,-0.0011,-0.0949
2014-03-31,2.2328,0.6373,2.413,24.9988,-7.0853,-7.0853,,-7.8949,-8.0252,0.1379,1.0326,8.5734,10.4976,-5.4602,-5.4602,-1.1066,-1.9805,0.4902,0.0317,-0.0446
2013-12-31,1.875,0.4731,0.9097,25.4529,-2.1705,-2.1705,,-2.4229,-2.6436,0.2545,1.3475,12.5276,7.1841,-2.4379,-2.4379,-0.6729,-1.2846,0.3613,0.0762,0.0244
2013-09-30,1.0422,0.1355,1.1998,23.8481,-7.0834,-7.0834,,-8.7443,-8.9246,0.1991,0.9451,9.0657,9.9275,-6.8235,-6.8235,-1.7771,-5.8989,0.3069,0.0554,0.0151
2013-06-30,2.3216,0.483,0.9432,24.8021,-2.9106,-2.9106,,-7.4545,-7.5288,0.2146,1.1952,3.5681,25.2233,-4.846,-4.846,-1.6157,-2.5055,0.3456,-0.0182,-0.0426
2013-03-31,0.982,0.7031,2.7022,17.1451,-0.994,-0.994,,2.029,2.0022,0.4912,1.9589,12.1761,7.3915,6.6721,6.6721,0.9834,1.9809,0.0976,0.0344,0.0034
2012-12-31,0.9734,0.7674,3.7423,7.7876,-29.6688,-29.6688,,-29.4063,-29.358,0.2749,1.052,11.4124,7.8861,-72.1195,-72.1195,-8.0716,-16.7735,0.0728,-0.0194,-0.0574
2012-09-30,0.7375,1.071,-17.0229,-17.4856,-216.4698,-216.4698,,-220.9165,-221.148,0.0619,0.3701,5.4675,16.461,397.5031,397.5031,-13.6934,-28.2224,-0.0176,-0.0636,-0.1028
2012-06-30,1.1068,0.8657,7.0557,17.8667,-398.3604,-398.3604,,-395.8054,-396.2143,0.0343,0.3284,2.4179,37.2217,-169.7387,-169.7387,-13.5934,-22.804,0.0394,-0.0405,-0.0771
2012-03-31,1.5225,0.691,2.378,33.8449,-294.2387,-294.2387,,-297.7227,-297.9183,0.0396,0.3601,2.22,40.5413,-58.4069,-58.4069,-11.8083,-18.0498,0.0975,-0.0403,-0.0751
2011-12-31,1.9486,0.5476,1.2504,19.8984,-205.5263,-205.5263,,-206.6692,-206.9562,0.0552,0.6298,4.1278,21.8034,-36.3717,-36.3717,-11.4219,-16.4555,0.1429,-0.0291,-0.0595
2011-09-30,2.673,0.4341,0.7686,29.8686,-111.8111,-111.8111,,-112.7025,-112.8533,0.0824,0.8217,3.1598,28.483,-22.1265,-22.1265,-9.2935,-12.5203,0.1882,-0.011,-0.052
2011-06-30,3.0112,0.2785,0.3869,31.8165,-100.9764,-100.9764,,-101.0194,-101.2584,0.09,0.7303,2.4958,36.0613,-16.9042,-16.9042,-9.1159,-12.1955,0.2234,-0.0146,-0.0512
2011-03-31,2.0084,0.3802,0.6151,36.7693,-96.5654,-96.5654,,-99.5126,-99.8185,0.1204,0.61,2.42,37.1895,-29.1771,-29.1771,-12.0163,-18.0832,0.117,-0.0303,-0.0447
2010-12-31,2.7568,0.2589,0.3507,31.2021,-142.3248,-142.3248,,-141.6359,-141.5339,0.094,0.5525,5.4078,16.6428,-24.8044,-24.8044,-13.3021,-18.383,0.1454,-0.1004,-0.1367
2010-09-30,3.4781,0.2062,0.2611,29.7558,-121.1037,-121.1037,,-111.5585,-111.8242,0.0864,0.5555,3.8751,23.2253,-15.8851,-15.8851,-9.6607,-12.6098,0.1572,0.3474,0.4641
2010-06-30,1.3118,-0.1746,-0.1496,22.0419,-110.4101,-110.4101,,-135.5677,-135.5994,0.192,0.7502,4.3923,20.4904,12.4339,12.4339,-26.0296,14.6054,-2.6813,-0.1655,-0.2488
